excluded_ucoe	rank	score	top_10	top_50
A2UCOE_HNRNPA2B1_CBX3	560	0.3982534066015945	False	False
TBP_PSMB1	271	0.4008279065364304	False	False
SRF_UCOE_SURF1_SURF2	590	0.23974994279840106	False	False
