chrom	start	end	gene1	gene2	ucoe_name	inter_tss_distance	cpg_overlap_fraction	cpg_obs_exp	cpg_gc_pct	meth_mean	meth_cv	meth_n_hypo	meth_frac_hypo	H3K4me3_mean	H3K4me3_cv	H3K27ac_mean	H3K27ac_cv	H3K9ac_mean	H3K9ac_cv	H3K36me3_mean	H3K36me3_cv	H3K27me3_mean	H3K27me3_cv	H3K9me3_mean	H3K9me3_cv	DNase_mean	DNase_cv	repliseq_mean	CTCF_n_peaks
chr7	26199798	26202442	HNRNPA2B1	CBX3	A2UCOE_HNRNPA2B1_CBX3	2644	1.0	65.4	263.0	0.7578278003684894	0.4937733160038927	6.0	1.0	32.42487995833823	0.4953634456200254	20.772306429845102	0.43936722663276523	31.612405415707975	0.6355488326095818	0.3492150432759767	0.46196179830544376	0.3850199565585175	0.6760432748109725	0.26441300769668447	0.3925920238569217	0.9163408542596246	0.23126876667899782	23.45581190115986	2
chr6	170553036	170554735	TBP	PSMB1	TBP_PSMB1	1699	0.4596821659799882	62.6	33.5	15.56823652451462	2.214304542431753	6.0	0.8571428571428571	33.36769602902218	0.5468346940100447	14.81124990300314	0.6061199414008083	18.38928218827032	0.6077228075089494	0.31758315192358544	0.5642309559444778	0.45669023634383554	1.209586721950988	0.3540692868975942	0.43325819078664773	1.0943147867052125	0.3849598165690217	16.71208554051403	0
chr9	133356273	133357090	SURF1	SURF2	SRF_UCOE_SURF1_SURF2	817	1.0	51.2	73.0	1.72633010888937	0.7554174500296129	6.0	1.0	28.472261446392928	0.7972386383660156	3.861541258422065	0.8988618213542241	7.123448961177432	0.5313656191234795	0.24126267470499474	1.4199852116224154	0.14990296883715892	1.5333701288678687	0.08704284717102227	0.9634087457593045	0.6243800803213584	0.7575215825971952	26.54610363117095	2
